Name 1,Candidate Match 1,Match 1 Probability,Candidate Match 2,Match 2 Probability,Candidate Match 3,Match 3 Probability,Candidate Match 4,Match 4 Probability,Candidate Match 5,Match 5 Probability,Candidate Match 6,Match 6 Probability,Candidate Match 7,Match 7 Probability,Candidate Match 8,Match 8 Probability,Candidate Match 9,Match 9 Probability
"Abu al-Faraj al-Isbahani, 897 or 8-967","Abū al-Faraj al-Iṣbahānī, 897 or 898-967",82.05128205128204
"Abū Miḥjan al-Thaqafī, active 629-637","Abū Miḥjan al-Thaqafī, fl. 629-637",85.71428571428572
"Abū Tammām Ḥabīb ibn Aws al-Ṭāʼī, active 808-842","Abū Tammām Ḥabīb ibn Aws al-Ṭāʾī, fl. 808-842",87.85046728971963
Aeschines,Æschines,82.35294117647058
"Agobard, Saint, 769-840","Agobardo, Santo, 760-840",89.36170212765957
"Aguilon, François de (S.I.), 1567-1617","Aguilón, François de, 1567-1617",81.69014084507043
"Albani, Giovanni Girolamo, Cardenal","Albani, Giovanni Girolamo, Cardinal, 1504-1591",83.9506172839506
"Alexandre, Noel (O.P.)","Alexandre, Noel, (O.P.)",97.77777777777777
"Alfonso, Francisco (S.I.)","Alfonso, Francisco, (S.I.)",98.0392156862745
"Alpini, Prosper, 1553-1617","Alpino, Prospero, 1553-1617",94.33962264150944
"Alsario della Croce, Vincenzo","Alsario della Croce, Vincenzo, 1576-1631",84.05797101449275
"Alvarez de Paz, Jacobo (S.I.)","Alvarez de Paz, Jacobo, (S.I.)",98.30508474576271
"Angeli, Alessandro degli","Angeli, Alessandro degli, -1620",87.27272727272728
"Angriani, Michele","Angriani, Michele, (O.C.)",80.95238095238095
"Antonio, Nicolás, 1617-1684","Antonio, Nicolás, 1617-1684",94.54545454545455
Apiano,Opiano,83.33333333333334
"Apollonius, Paradoxographus","Apollonius, paradoxographus",96.2962962962963
"Appendini, Francesco Maria","Appendini, Francesco Maria, 1769-1837",82.53968253968253
"Arntzenius, Hendrik Jan, 1734-1797","Arntzenius, Hendrik Jan, 1735-1797",97.05882352941177
"Arquímedes, (287-212 a.C.)","Arquímedes, 287-212 a.C",93.87755102040816
Ateneo de Naúcratis,Ateneo de Náucratis,89.47368421052632
"Aurelius, Julianus","Haurech, Julianus Aurelius",81.81818181818181
"Azpilcueta, Martín de, 1492?-1586","Azpilcueta, Martín de, 1492-1586",93.93939393939394
"Bacci, Andrea, -1600","Bacci, Andrea, 1524-1600",90.9090909090909
"Balli, Antonio","Gabrielli, Antonio",81.25
"Balzac, Jean-Louis Guez, Señor de, 1594-1654","Balzac, Jean-Louis Guez, seigneur de, 1597-1654",81.31868131868131
"Barbosa, Agostinho, 1590-1649","Barbosa, Agostino, 1590-1649",98.24561403508771
"Baur, Johannes Baptist","Hansenius, Johannes Baptista",80.0
"Becanus, Martinus (S.I.), 1563-1624","Becanus, Martinus, (S.I.), 1563-1624",98.59154929577466,"Becanus, Martinus, 1563-1624",85.71428571428572
"Becker, Gustav","Becker, Gustavus",93.33333333333333
"Belon, Pierre","Fons, Pierre",80.0
"Benedetti, Giovanni Battista","Benedetti, Giovanni Battista, 1530-1590",83.5820895522388,"Donati, Giovanni Battista",83.01886792452831
"Benedict XIV, Pope, 1675-1758","Benedicto XIV, Papa, 1675-1758",91.52542372881356,"Benedicto, XIV, Papa, 1675-1758",90.0
"Benzoni, Girolamo, 1519-","Benzoni, Girolamo, 1519-1572?",90.56603773584906
"Bessarion, Cardenal, 1395-1472","Bēssariōn, Cardinal, 1403-1472",83.33333333333334
"Biese, Nicolas","Biesius, Nicolaus",83.87096774193549
"Bijnkershoek, Cornelis van, 1673-1743","Bynkershoek, Cornelis van, 1673-1743",95.89041095890411
"Bisciola, Lelio (S.I.)","Bisciola, Lelio, (S.I.)",97.77777777777777
"Blois, Louis de (O.S.B.), 1506-1566","Blois, Louis de, 1506-1566",81.9672131147541
"Bluhme, Fridericus, 1881-","Bluhme, Friedrich, 1881-",89.79591836734694
"Boeckh, August, 1785-1867","Böckh, August, 1785-1867",93.87755102040816
"Boehlau, Car","Boehlau, Carl",96.0,"Boehlau, Karl",88.0
"Boettinger, Karl August, 1760-1835","Böttiger, Karl August, 1760-1835",95.52238805970148,"Böttiger, Karl August, 1760-1835",93.93939393939394
"Bolducio, Jacques, (O.F.M. Cap.)","Boulduc, Jacques (O.F.M. Cap.)",93.5483870967742
"Borcholten, Johann, 1535-1593","Borcholten, Johannes, 1535-1593",96.66666666666667
"Borsati, Francesco","Costa, Francesco",82.35294117647058
"Bossche, Guilaume van den, fl. 1638","Bossche, Guillaume van den",81.9672131147541
"Bossulus, Matthaeus","Hostus, Mathaeus",80.0
"Botero, Giovanni, 1540-1617","Botero, Giovanni, ca. 1543-1617",89.65517241379311
"Bouguer, M. 1698-1758","Bouguer, Pierre, 1698-1758",80.85106382978724
"Boulenger, Jules Cesar, 1558-1628","Boulenger, Jules César, 1558-1628",98.50746268656717,"Bulengerus, Julio Cesar, 1558-1628",89.55223880597015
"Brandes, Karl, 1861-","Brandt, Karl, 1858-",82.05128205128204
"Braun, Johannes, 1628-1708","Bruyn, Johannes de, 1620-1675",80.0
"Bravo, Bartolomé (S.I.) 1554-1607","Bravo, Bartolomé (S.I.), 1554-1607",98.50746268656717,"Bravo, Bartolomé, (S.I.), 1554-1607",97.05882352941177
"Braxator, Rudolf Franz, 1845-","Braxator, Rudolf Franz, b. 1845",93.33333333333333
"Brix, Ernst Julius, 1815-","Brix, Ernst Julius, 1815-1887",92.5925925925926
"Broickwy a Koninckstein, Antonius (O.F.M.), 1470?-1541","Broickwy a Konincksteyn, Antonius, (O.F.M.)",84.5360824742268
"Brulefer, Stephanus (O.F.M.)","Brulefer, Stephanus, (O.F.M.)",98.24561403508771
"Bruno Magdeburgensis, active 1084-","Bruno, of Magdeburg, active 1084",84.84848484848484
"Brusoni, Lucio Domitio","Brusoni, Lucio Domizio",95.45454545454545
Buenaventura de San Agustín (Jer.),"Buenaventura de San Agustín, (Jer.)",98.55072463768117
"Buonamici, Francesco","Buonamici, Francesco, -1604",85.1063829787234
"Burnet, Thomas, 1635-1715","Burnet, Thomas, 1635?-1715",98.0392156862745
"Bustamante de la Camara, Juan","Bustamante de la Cámara, Juan, 16th cent",81.15942028985508
"Buxtorf, Johann, 1564-1629","Buxtorf, Johann, 1599-1664",84.61538461538461
"Caesalpinus, Andreas","Papius, Andreas",80.0
"Caldera de Heredia, Gaspar","Caldera de Heredia, Gaspar, 1591-",88.13559322033898
"Calmet, Augustin (O.S.B.), 1672-1757","Calmet, Augustin, 1672-1757",82.53968253968253
"Calvete de Estrella, Juan Cristóbal, d. 1593","Calvete de Estrella, Juan Cristóbal, -1593",91.95402298850574,"Calvete de Estrella, Juan Cristóbal 1525-1593",86.66666666666667
"Camers, Johannes","Cinnamus, Johannes",82.35294117647058,"Capreolus, Johannes",80.0
"Cano, Melchor (O.P.) 1509-1560","Cano, Melchor (O.P.), 1509-1560",98.36065573770492
"Capasso, Giovanni Battista","Cavoto, Giovanni Battista",86.27450980392157,"Costa, Giovanni Battista",84.0
"Caranza, Alonso","Carranza, Alonso",96.7741935483871
"Carbone, Lodovico","Carboni, Lodovico",94.11764705882352
"Carpenteius, Johannes"
"Carpzov, Johann Gottlob","Carpzov, Johann Gottlob, 1679-1767",80.70175438596492
"Cartagena, Juan de (O.F.M.), 1563-1617","Cartagena, Juan de, (O.F.M.), 1563-1617",98.7012987012987,"Cartagena, Juan de (O.F.M.), 1563-1618",97.36842105263158
"Casal, Gaspar do (O.S.A), 1510-1584","Casal, Gaspar do, (O.S.A.), 1510-1584",97.22222222222221
"Castellion, Sébastien, 1515-1563","Castellion, Sébastien, 1515-1563",95.38461538461537
"Castilla, Diego de (O.C.)","Castilla, Diego de, (O.C.)",98.0392156862745
"Castro, Alfonso de (O.F.M.), 1495-1558","Castro, Alfonso de, 1495-1558",83.5820895522388
"Castro, Alfonso de, 1494 or 1495-1558"
Catholic Church,Catholic Church. Pope,83.33333333333334
"Caussin, Nicolas (S.I.), 1583-1651","Caussin, Nicolas, (S.I.), 1583-1651",98.55072463768117
"Chalkokondyles, Laonikos, ca. 1430-ca. 1490","Chalkokondylēs, Laonikos, ca. 1430-ca. 1490",98.85057471264368
"Choppin, Rene, 1537-1606","Choppin, René, 1537-1606",97.95918367346938,"Choppin, René, 1537-1606",95.83333333333334
"Christ, Johann Friedrich, 1700-1756","Friedrich, Johann Christoph, 1775-1836",84.93150684931507
"Ciampini, Giovanni Giustino, 1633-1698","Ciampini, Giovanni Giusto, 1633-1698",97.2972972972973
"Cinnamus, Ioannes"
"Claro, Giulio 1525-1575","Claro, Giulio, 1525-1575",97.87234042553192
"Clement, Claude, 1594-1642","Clement, Claude, ca. 1594-1642",92.85714285714286
"Clicthove, Josse","Clicthove, Jossé",93.75
"Codinus, George","Codinus, Georgius",87.5,"Conn, George",81.4814814814815
Colegio Menor de Santo Tomás de Aquino (Alcalá de Henares),Colegio de Santo Tomás de Aquino (Alcalá de Henares),94.54545454545455
"Colonia, Dominique de (S.I.), 1660-1741","Colonia, Dominique de, (S.I.), 1660-1741",98.73417721518987,"Colonia, Dominique de, 1660-1741",87.32394366197182
"Comnena, Anna, 1083-","Comnena, Anna, 1083-1148",90.9090909090909,"Comnena, Anna, b. 1083",90.47619047619048
"Contador de Argote, Jeronimo","Contador de Argote, Jeronymo, 1676-1749",80.59701492537313
"Conti, Natale, 1520-1582","Conti, Natale, ca. 1520-ca. 1580",82.14285714285714
"Corradi, Sebastiano, -1556","Corradi, Sebastiano, 1510-1556",92.85714285714286,"Corradi, Sebastiano, d. 1556",92.5925925925926
"Corradini, Pietro Marcellino, 1658-1743","Corradini, Pietro Marcellino, Cardinal, 1658-1743",88.63636363636364
"Covarrubias Leyva, Diego de, 1512-1577","Covarrubias y Leyva, Diego de, 1512-1577",97.43589743589743
"Cressolles, Louis, (S.I.), 1568-1634","Cressolles, Louis, 1568-1634",87.5
"Curtius, Cornelius","Tacticus, Cornelius",81.08108108108108
"Dadin de Hauteserre, Antoine, 1602-1682","Hauteserre, Antoine Dadin de",83.5820895522388
"Daillé, Jean, 1594-1670","Daillé, Jean, 1594-1670",93.61702127659575
"Denis le Chartreux (O. Cart.), 1402-1471","Denis le Chartreux, (O. Cart.), 1402-1471",98.76543209876543
"Denis the Carthusian, 1402-1471","Denis, the Carthusian, 1402-1471",98.41269841269842
"Dobrovský, Josef, 1753-1829","Dobrovský, Josef, 1753-1829",94.54545454545455
"Doneau, Hugues  , 1527-1591","Doneau, Hugues, 1527-1591",94.11764705882352
"Douaren, Francois, 1509-1559","Douaren, François, 1509-1559",98.24561403508771
"Draud, Georg, 1573-1630","Draud, Georg, 1573-1635",95.65217391304348
"Drexel, Jeremias, 1581-1638","Drexel, Jeremías (S.I.), 1581-1638",81.9672131147541
"Drouin, René Hyacinthe (O.P.), 1680-1740","Drouin, René-Hyacinthe (O.P.), 1680-1740",87.5,"Drouin, René Hyacinthe, (O.P.)",82.85714285714285
"Drusius, Joannes, 1550-1616","Drusius, Johannes, 1550-1616",98.18181818181819
"Du Creux, François, 1596?-1666","Du Creux, François, 1596?-1666",95.08196721311475
"Duck, Arthur, 1580-1648","Duck, Arthur, Sir, 1580-1648",90.19607843137256
"Dueñas, Pedro de","Oña, Pedro de",82.75862068965517
"Dulaurens, François","Dulaurens,François",97.2972972972973
"Dullaert, Johannes","Izoulet, Johannes",80.0
"Dürer, Albrecht, 1471-1528","Dürer, Albrecht, 1471-1528",94.33962264150944
"Einsiedler, Josephus Maria, 1870-","Einsiedler, Josephus Maria, b. 1870",94.11764705882352
"Emlein, Friedericus, 1876-","Emlein, Friedrich, 1886-",88.0
"Enderlein, Friedrich Leonhard, 1801-1876","Enderlein, Friedrich Leonhard, b. 1801",89.74358974358975
"Eschenbach, Andreas Christian","Eschenbach, Andreas Christian, 1663-1722",84.05797101449275,"Koch, Christian Andreas",80.76923076923077
"Espen, Zeger Bernard van 1646-1728","Espen, Zeger Bernard van, 1646-1728",98.55072463768117,"Espen, Zergen Bernard van, 1646-1726",91.42857142857143
"Esseiva, Petri","Esseiva, Pierre",82.75862068965517
"Estienne, Charles, 1504-1564","Estienne, Charles, 1504-approximately 1564",80.0
"Estienne, Henri, 1528-1598","Estienne, Henri, 1531-1598",92.3076923076923
"Eucherius, of Lyon, Saint, -449?","Eucherius, of Lyon, Saint, d. 449?",93.93939393939394
"Eugalenus, Severinus","Eugalenus, Severinus, b. 1535",81.63265306122449
"Fachinei, Andrea","Fachineus, Andreas",88.23529411764706
"Fagnani, Prospero","Farinacci, Prospero",83.33333333333334
"Faguet, Emile, 1847-1916","Faguet, Émile, 1847-1916",97.95918367346938
"Fara, Giovanni Francesco","Finetti, Giovanni Francesco",82.35294117647058,"Fara, Giovanni Francesco, 1543-1591",81.35593220338984
"Feldhügel, Carl Friedrich","Feldhügel, Carl Friedrich, 1810-",88.13559322033898
"Ferrari, Francesco Bernardino, 1576?-1669","Ferrari, Francesco Bernardino, 1577-1669",96.2962962962963
"Flavin, Melchior de",Melchior de Flavin,97.2972972972973
"Florus, Lucius Annaeus","Florus, Lucius Annaeus, 2nd cent",81.4814814814815
"Fonseca, Pedro da","Fonseca, Rodrigo da",83.33333333333334
"Franco, Antonio, (S.I.)"
"Fredrich, Carl Johann, 1871-1930","Fredrich, Carl, 1871-1930",84.21052631578947
"Freitag, Johann","Freitag, Johannes",93.75
"Friderici, Robert, 1888-1985","Friderici, Robertus, 1888-",88.88888888888889
"Friedrich, Guilelmus","Friedrich, Wilhelm",84.21052631578947
"Funck, Johann Nikolaus","Furich, Johann Nicolaus",84.44444444444444
"Fuss, J. D, 1782-1860","Fuss, J. D. 1782-1860",95.23809523809523
"Fügner, Franz, 1854-1909","Fügner, Franz, 1854-",84.44444444444444
"Galloni, Antonio, 1556-1605","Gallonio, Antonio, -1605",90.19607843137256
"Gerloff, Iohannes, 1887-","Gerloff, Johann, 1887-",91.30434782608697
"Goering, A. [from old catalog]","Wodrig, Albert. [from old catalog]",84.375,"Weidgen, J. [from old catalog]",83.33333333333334,"Ilberg, Hugo. [from old catalog]",80.64516129032258
"González y Diaz Tuñón, Ceferino, Cardinal, 1831-1894","González y Díaz Tuñón, Ceferino, 1831-1894",89.10891089108911
"Gouthière, Jacques, 1568-1638","Goutière, Jacques, 1568-1638",93.10344827586206
"Göring, A","Göring, August",80.0
"Graaf, Regnier de, 1641-1673","Graaf, Reinier de, 1641-1673",96.42857142857143
"Grati, Girolamo","Maggi, Girolamo",80.0
"Graziani, Antonio","Guainerio, Antonio",80.0
Great Britain. King's Wardrobe,Great Britain. King's wardrobe,96.66666666666667
"Gregoire, Pierre, 1540-1617","Grégoire, Pierre, 1540-1617",98.18181818181819,"Grégoire, Pierre, 1540-1617",96.2962962962963
"Gregorius, Abp. of Corinth, fl. ca. 1200","Gregorius, abp. of Corinth, fl ca 1200",84.61538461538461
"Gribaldi, Matteo","Gribaldi, Matteo, -1564",82.05128205128204
"Gunther, Antonio"
"Gutierrez, Juan","Gutiérrez, Juan",93.33333333333333
"Gómez, Antonio","Gómez, Antonio, s.16",82.35294117647058
"Haen, Anton von, 1704-1776","Haën, Anton Von, 1704-1776",92.3076923076923
"Haubold, Christian Gottlieb","Haubold, Christian Gottlieb, 1766-1824",83.07692307692307
"Häussner, J. 1850-","Häussner, J. b. 1850",90.0
"Heineccius, Johann Gottlieb, 1681-1741","Heinecke, Johann Gottlieb, 1681-1741",91.89189189189189
"Heriodianus, active 3 century","Herodianus, Aelius, active 2nd century",80.59701492537313
"Hermogenes, 2nd cent","Hermogenes, active 2nd century",80.0
"Hernandez, Francisco, (1517-1587)","Hernández, Francisco, 1517-1587",95.38461538461537,"Hernández, Francisco, 1517-1587",93.75
"Hierocles, of Alexandria, active 430","Hierocles, of Alexandria, fl. 430",86.95652173913044
"Hilary, Saint, Bishop of Poitiers, -367?","Hilary, Saint, Bishop of Poitiers, d. 367?",95.1219512195122
"Hoegg, Franz Xaver","Hoegg, Franz Xavier",97.2972972972973
"Hoffmann, Karl","Hofmann, Kaspar",82.75862068965517
"Holkot, Robert (O.P.)","Holkot, Robert (O.P.), m. 1349",82.35294117647058
"Hontheim, Johann Nikolaus von","Hontheim, Johann Nikolaus von, 1701-1790",84.05797101449275
"Horacio Flaco, Quinto, 65-8 a. C","Horacio Flaco, Quinto, 65-8 a.C",95.23809523809523
"Ibn al-Wardī, Zayn al-Dīn ʻUmar ibn al-Muẓaffar, d. 1349","Ibn al-Wardī, Zayn al-Dīn ʻUmar ibn al-Muẓaffar, -1349",88.49557522123894
Iglesia Católica. Papa (1740-1758 : Benedicto XIV),Iglesia Católica. Papa (1740-1758: Benedicto XIV),98.98989898989899,Iglesia católica. Papa (1740-1758 : Benedicto XIV),80.0
"Imruʼ al-Qays, 497-545","Imruʾ al-Qays, 497-545",95.45454545454545
"Īshō y̐abh III, Patriarch of the Nestorians, -657 or 658","Īshō y̐abh III, Patriarch of the Nestorians, d. 657 or 8",94.82758620689656
"Joannes, Monachus, active 10th century?","Vaudus, Joannes, active 16th century",85.33333333333333
"Jones, William, 1746-1794","Jones, William, Sir, 1746-1794",90.9090909090909
"Jonsius, Joannes, 1624-1659","Jonstonus, Joannes, 1603-1675",82.14285714285714
"Jonston, Jan, 1603-1675"
"Jordanus, Nemorarius, 13th cent","Jordanus, Nemorarius, active 13th century",86.11111111111111
"Jung, Johann Heinrich, 1715-1799","Majus, Johann Heinrich, 1635-1719",80.0
"Junius, Franciscus (1591-1677)","Junius, Franciscus, 1589-1677",91.52542372881356
"Jüttner, Hugo, 1871-","Jüttner, Hugo, b. 1871",90.9090909090909
"Kholodni͡ak, I. I. 1857-1913","Kholodni︠a︡k, I. I. 1857-",86.79245283018868
"Kleinguenther, Hermann, 1865-","Kleinguenther, Hermannus, 1865-",96.66666666666667
"Koecher, Joannes Christophorus","Struchtmeyer, Johannes Christophorus",81.81818181818181
"Konigsdorfer, Isidor, 1877-","Königsdorfer, Isidor",83.33333333333334
"Köphler, Johann David, 1684-1755","Köhler, Johann David, 1684-1755",93.75
"Krahner, Leopold Heinrich","Krahner, Leopold Heinrich, 1810-1884",81.9672131147541
"Kromer, Marcin, 1512-1589","Kromer, Martin, 1512-1589",96.0
"Kuhlmann, Hermann","Neumann, Hermann",84.84848484848484
"Kühnöl, Christian Gottlieb, 1768-1841","Kühnöl, Christian Gottlieb, 1768-1841",92.10526315789474
"Labbe, Philippe (S.I), 1607-1667","Labbe, Philippe, 1607-1667",86.20689655172413
"Laderchi, Giovanni Battista","Mazini, Giovanni Battista",80.76923076923077
"Laet, Joannes de, 1581-1649","Laet, Joannes de, 1593-1649",92.5925925925926,"Laet, Johannes de, 1593-1649",90.9090909090909
"Lahmeyer, Ludwig","Lahmeyer, Ludwig, 1855-",82.05128205128204
"Lambert, von Hersfeld, -1088?","Lambert, von Hersfeld, d. 1088?",93.33333333333333
"Lancellotti, Giovanni Paolo, 1511-1591","Lancellotti, Giovanni Paolo, 1522-1590",92.10526315789474,"Lancelotti, Giovanni Paolo",81.25
"Lancisi, Giovanni Maria 1654-1720","Lancisi, Giovanni Maria, 1654-1720",98.50746268656717
"Lauer, Julius Franz, 1819-","Lauer, Julius Franz, 1819-1850",92.85714285714286
"Lemnius, Levinus 1503-1568","Lemnius, Levinus, 1503-1568",98.11320754716981,"Lemnius, Levinus, 1505-1568",94.33962264150944
"Lens, Jean de","Renou, Jean de",81.4814814814815
"Libavius, Andreas"
"Liers, Hugo, 1855-","Reiter, Hugo, 1858-",81.08108108108108
"Livio, Tito,  ca. 60-17 a. C","Livio, Tito, ca. 60-17 a. C",100.0
"Loercher, Adolf, 1878-","Lörcher, Adolf, 1878-",93.02325581395348,"Loercher, Adolphus, 1878-",89.36170212765957
"Lucas, Theodor","Lucas, Theodore",96.55172413793103
Luis de Granada (O. P.) 1504-1588,Luis de Granada (O.P.) 1504-1588,89.23076923076923,"Luis de Granada, (O.P.), 1504-1588",86.56716417910448
"Lübbert, Eduard, 1830-1889","Lübbert, Eduard, 1830-1889",94.33962264150944
"Lynch, Richard (S.I.), 1610-1676","Lynch, Richard (S.I.), 1611-1676",96.875
"Maas, Ernst, 1856-1929","Maass, Ernst, 1856-1929",97.77777777777777
"Mabillon, Jean (O.S.B.), 1632-1707","Mabillon, Jean, 1632-1707",81.35593220338984
"Macé, Alcide","Macé, Alcide",88.0
"Maggi, Girolamo, -1572"
"Maimonides, Moses, 1135-1204","Maimónides, 1135-1204",81.63265306122449
"Majus, Johann Heinrich, 1663-1719"
"Maler, Guilelmo","Maler, Guilelmus",90.32258064516128
Mallius Theodorus,"Mallius, Theodorus",97.14285714285714
"Manardi, Giovanni","Pianeri, Giovanni",82.35294117647058
"Mansi, Giovanni Domenico, 1692-1769","Rinaldi, Giovanni Domenico, 1628-1713",80.55555555555556
"Maratti, Giovanni Francesco","Maratti, Giovanni Francesco, -1777",88.52459016393442,"Scardona, Giovanni Francesco",83.63636363636364,"Pavini, Giovanni Francesco",83.01886792452831,"Saldo, Giovanni Francesco",80.76923076923077
"Marca, Petrus de, 1584-1662","Marca, Pierre de, 1594-1662",85.18518518518519
"Marquardt, Joachim, 1812-1882","Marquardt, Karl Joachim, 1812-1881",88.88888888888889
"Marselaer, Frederich van","Marselaer, Friedrich van",95.83333333333334
"Marselaer, Frederick van, 1584-1670","Marselaer, Frederik van, 1584-1670",98.55072463768117
Martin,Martín,92.3076923076923
"Mascardi, Agostino, 1590-1640"
"Mascolo, Giovanni Battista, 1582-1656","Masculus, Joannes Baptista, 1582-1656",81.08108108108108,"Riccioli, Giovanni Battista, 1598-1671",80.0
"Masculus, Joannes Baptista (S.I.), 1582-1656"
"Massa, Niccolo, 1489-1569","Massa, Niccolò, 1489-1569",98.0392156862745
"Mastrillo, Garzia, 1620","Mastrillo, Garzía, 1620",95.65217391304348
"Masulli, Giovanni Battista","Rossi, Giovanni Battista",84.0
"Matenesio, Johann Friedrich","Matenesius, Johann Friedrich, -1621",83.87096774193549
"Matteucci, Agostino","Steuco, Agostino",80.0
"Matthaeus, Antonius, 1564-1637","Matthaeus, Antonius, 1601-1654",86.66666666666667,"Matthaeus, Antonius, 1635-1710",86.66666666666667
"Mauro, Silvestro (S.I.), 1619-1687","Mauro, Silvestro, (S.I.), 1619-1687",98.55072463768117
"Mechovius, Guilielmus, active 1677","Mechovius, Guilielmus, fl. 1677",86.15384615384616
"Meier, Johannes, 1651 or 2-1725","Meyer, Johannes, 1651 or 1652-1725",92.3076923076923
"Mellmann, Johann Wilhelm Ludwig","Mellmann, Johann Wilhelm Ludwig, 1764-1795",84.93150684931507
"Mello Freire, Paschoal José de, 1738-1798","Mello Freire, Paschoal José de, 1738-1798",96.3855421686747
"Mendoza, Francisco de (S.I.), 1572-1626","Mendoza, Francisco de, (S.I.), 1572-1626",98.73417721518987,"Mendoza, Francisco de, (S.I.)",82.35294117647058,"Oviedo, Francisco de (S.I.), 1602-1651",80.51948051948052
"Menelaus, of Alexandria","Pappus, of Alexandria",81.81818181818181
Miguel de San Agustín (O.C.),"Miguel de San Agustín, (O.C.)",98.24561403508771
"Misset, E","Misset, E.",94.73684210526316
"Moczynski, P","Moczyński, Peter",82.75862068965517
"Moeller, Carolus Rudolfus, 1885-","Moeller, Karl Rudolf, 1885-",88.13559322033898,"Möller, Karl Rudolf, 1885-",84.7457627118644
"Mueller, Maximilian, 1875-","Mueller, Maximilianus, 1875-",96.2962962962963,"Müller, Maximilian, 1875-",96.15384615384616
"Müller, Iwan von, 1830-1917","Müller, Iwan von, 1830-1917",94.54545454545455
"Münster, Sebastian, 1489-1552","Münster, Sebastian, 1488-1552",91.52542372881356
"Natta, Marcus Antonius, -1568","Natta, Marcus Antonius, d. 1568",93.33333333333333
"Nemesius, Bishop of Emesa","Nemesius, Bp. of Emesa",89.36170212765957
"Nickes, Johannes Anselm, 1825-1866","Nickes, Johannes Peter Anselm, 1825-1866",91.89189189189189
"Nopelius, Johannes","Wilmius, Johannes",80.0
"Novotný, František","Novotný, Frantisek",89.47368421052632
"Núñez, Pedro Juan , 1522-1602","Núñez, Pedro Juan, 1522-1602",94.73684210526316
"Orosio, Paulo , n. 390?-m. 418?","Orosio, Paulo, n. 390?-m. 418?",95.08196721311475
"Orzechowski, Stanis  aw Okszych, 1513-1566 or 7","Orzechowski, Stanisław Okszyc, 1513-1566 or 1567",93.61702127659575
"Osório, Jerónimo, 1506-1580","Osório, Jerónimo, 1506-1580",89.28571428571429
"Pachymeres, George, 1242-approximately 1310","Pachymeres, George, 1242-ca. 1310",81.57894736842105
"Pallavicino, Sforza, Cardenal, 1607-1667","Pallavicino, Sforza,, Cardenal,  1607-1667",98.76543209876543
"Panciroli, Guido, 1523-1599","Pancirolli, Guido, 1523-1599",98.18181818181819
"Panvinio, Onofrio, 1529-1568","Panvinio, Onofrio, 1530-1568",92.85714285714286
"Pardo, Jerónimo","Ramiro, Jerónimo",83.87096774193549
"Partenio, Bernardino","Partenio, Bernardino, -1589",85.1063829787234
"Paschal, Carlo, 1547-1625","Pasquali, Carlo, 1547-1626",86.27450980392157
"Passeri, Niccolo, 1585-1615","Passeri, Nicolo, 1585-1615",98.11320754716981
"Patarol, Lorenzo, 1674-1727","Patarolo, Lorenzo, 1674-1757",94.54545454545455
"Patuzzi, Giovanni Vincenzo, (O.P.), 1700-1769","Patuzzi, Giovanni Vincenzo, 1700-1769",90.2439024390244
"Pechlin, Johann Nicolas","Pechlin, Johann Nicolas, 1646-1706",80.70175438596492
"Pedro Cellensis, Obispo de Chartres, m.1183","Petrus Cellensis, Obispo de Chartres",83.54430379746836
"Peinado, Ignacio Francisco (S.I.), 1633-1696","Peinado, Ignacio Francisco, (S.I.), 1633-1696",98.87640449438202
Pelbartus de Temeswar (O.F.M.),Pelbartus de Themeswar (O.F.M.),98.36065573770492
"Pelliccia, Alessio Aurelio","Pelliccia, Alessio Aurelio, 1744-1822",82.53968253968253
"Peltanus, Theodor Anton (S.I.), -1584","Peltanus, Theodor Anton (S.I.), 1511-1584",94.87179487179486
"Pereira, Barth'elemy, 1588-1650","Pereira, Bartholomeu, 1588-1650",87.09677419354838
"Perera, Benito (S.I.), 1536-1610","Perera, Benito, (S.I.), 1536-1610",98.46153846153847
"Perera, Benito, (S.I.)"
"Perez de Lara, Alonso","Pérez de Lara, Alonso",95.23809523809523
"Persyn, Jan van","Persÿn, Jan van",96.7741935483871,"Persyn, Janus Van",87.5
"Petan, Denis, (S.I.), 1583-1652","Petau, Denis, 1583-1652",81.4814814814815
"Pérez, Antonio, 1583-1672","Pérez, Antonio, 1583-1673",96.15384615384616,"Pérez, Antonio, 1583-1672",94.11764705882352
"Pfaff, Carl","Pfaff, Karl",90.9090909090909
"Pfanner, Tobias 1641-1716","Pfanner, Tobias, 1641-1716",98.0392156862745
"Piccioli, Antonio","Ricciulli, Antonio",85.71428571428572,"Polo, Antonio",80.0
"Pineda, Juan de (S.I.), 1558-1637","Pineda, Juan de, (S.I.), 1558-1637",98.50746268656717
"Polster, A","Polster, Albert",80.0
"Pontanus, Jacobus (S.I.)","Pontanus, Jacobus (S.I.), 1542-1626",81.35593220338984
"Porcio, Cristoforo, -1442","Porco, Cristoforo",80.95238095238095
"Porta, Giambattista della, 1535?-1615","Porta, Giambattista della, approximately 1535-1615",82.75862068965517
"Porta, Johannes de Annoniaco, 14th cent","Porta, Johannes, de Annoniaco, active 14th century",87.64044943820225
"Porto, Antonio, 1531 ca.-1601","Porto, Antonio, ca. 1531-1601",82.75862068965517
"Portus, Aemilius, 1550-1610","Portus, Aemilius, 1550-1614 or 15",86.66666666666667,"Portus, Aemilius, 1550-1614 or 1615",83.87096774193549
"Possevino, Antonio, (S.I.), 1534-1611","Possevino, Antonio, 1533 or 4-1611",81.69014084507043
"Prenzel, Kurt, 1879-","Prenzel, Kurt, b. 1879",90.47619047619048
"Primerose, James, ca. 1598--1659","Primerose, James, ca. 1598-1659",98.41269841269842
Procopio de Cesarea,Procopio de Cesárea,94.73684210526316
"Pruzsinszky, Janes","Pruzsinszky, Joannes de",87.8048780487805
"Pérez, Antonio, 1540-1611"
"Raevardus, Jacobus, 1534-1568","Revius, Jacobus, 1586-1658",80.0
"Ramon Llull, Beato, 1232?-1315","Ramon Llull, Beato, m. 1315",84.21052631578947
"Rasi, Pietro","Rosati, Pietro",84.61538461538461
"Ravisius Textor, Joannes, ca. 1480-1524","Ravisius Textor, Johannes, 1480?-1524",92.10526315789474
"Raynaud, Théophile (S.I.), 1583-1663","Raynaud, Théophile, (S.I.), 1583-1663",98.63013698630137
"Regell, P","Regell, Paul",85.71428571428572
"Regino, Abbot of Prüm, 840-915","Regino, Abbot of Prüm, 915 d",84.7457627118644
"Regino, of Prüm, approximately 840-915","Regino, of Prüm, approximately 840-915",96.1038961038961
"Reichert, Carl","Richter, Karl",81.4814814814815,"Reichert, Carl, 1858-",80.0,"Reichert, Carl, 1859-",80.0,"Richter, Carolus",80.0
"Remazzi, Filippo Maria","Renazzi, Filippo Mariae",93.33333333333333
"Resende, Andre de, 1498-1573","Resende, André de, 1498-1573",98.24561403508771
"Reuter, August, 1860-","Reuter, August, 1860- ",100.0
"Rhode, C","Rhode, Carl",84.21052631578947
"Ricardus, de Mediavilla, approximately 1249-1308?","Ricardus, de Mediavilla, ca. 1249-1308?",84.0909090909091
"Richardson, Leon Josiah, 1868-","Richardson, Leon Josiah, 1868-1964",93.75
"Riciullo, Antonio"
"Ringelberg, Joachim Sterck van, 1499?-1536?","Ringelbergh, Joachim Sterck, 1499?-1536?",93.97590361445783
"Riolan, Jean, 1538-1605","Riolan, Jean, 1580-1657",91.30434782608697
"Robert, Anne, 1559-1618","Robertus, Annaeus, 1559-1618",90.19607843137256
"Roberto Bellarmino, Santo","Roberto Bellarmino, Santo, 1542-1621",81.9672131147541
"Robles Salcedo, Blas","Robles Salzedo, Blas",95.0
"Rodolfini, Ludovico","Rodolfini, Luigi",80.0
"Rohde, Dietrich","Rohde, Johann Dietrich",81.08108108108108
"Ros, Antonio"
"Rubio, Antonio, 1548-1615","Rubio, Antonio, 1568-1615",96.0
"Ruperto de Deutz, Santo, 1070-1129","Ruperto de Deutz, Santo, 1070?-1129",98.55072463768117
"Salian, Jacques (S.I.), 1558-1640","Sirmond, Jacques (S.I.), 1559-1651",80.59701492537313
"Sanadon, Noël Étienne, 1676-1733","Sanadon, Noël Etienne (S.I.), 1676-1733",82.1917808219178
"Sanchez, Gaspar (S.I.)","Schott, Gaspar (S.I.)",83.72093023255813
"Sander, Wilhelm, 1881-","Vorlaender, Wilhelm, 1841-",83.33333333333334
"Santorelli, Antonio"
"Scaccia, Segismundo","Scaccia,Segismundo",97.2972972972973,"Scaccia, Sigismondo",89.47368421052632,"Scàccia, Sigismondo",84.21052631578947
"Schambogen, Johann Christoph","Wagenseil, Johann Christoph",80.0
"Scheffer, Johannes Gerhard 1621-1679","Scheffer, Johannes, 1621-1679",86.15384615384616
"Schmalzgrueber, Franz (S.I.), 1663-1735","Schmalzgrueber, Franz, (S.I.), 1663-1735",98.73417721518987,"Schmalzgrueber, Franz, 1663-1735",87.32394366197182
"Schmidt, Hermann, 1801-","Schmidt, Hermann, b. 1801",91.66666666666666
"Schmidt, Hermann, fl. 1827-1868"
"Schneider, Friedrich, 1808-","Schürr, Friedrich, 1888-",82.35294117647058
"Schneidewein, Johann, 1519-1568","Schneidewein, Johannes, 1519-1568",96.875
"Schoene, Hermannus, 1870-","Schöne, Hermann, 1870-1941",84.61538461538461,"Schöne, Hermann, 1870-1941",82.35294117647058
"Schottmüller, Alfred","Schottmüller, Alfred, 1834-",85.71428571428572
"Schrader, Johann, 1721 or 1722-1783","Schrader, Johannes, 1722-1783",84.375
"Schramm, Erduin, 1872-","Schramm, Erduinus, 1872-",95.65217391304348
"Schurr, Friedrich, 1865-"
"Sehrwald, Chr. Friedrich","Sehrwald, Christian Friedrich",86.79245283018868
"Selden, John, 1584-1654","Strang, John, 1584-1654",82.6086956521739
"Selvaggio, Giulio Lorenzo , 1728-1772","Selvaggio, Giulio Lorenzo, 1728-1772",95.89041095890411
"Seneca, Lucio Anneo, ca. 4 a.C.-65 d.C","Séneca, Lucio Anneo, ca. 4 a.C-65 d.C",96.0
"Serarius, Nicolaus (S.I.), 1555-1609","Serarius, Nikolaus, 1558-1609",80.0
"Silio Italico, Cayo","Silio Itálico, Cayo",94.73684210526316
"Silvestri, Franceschi de', 1474-1528","Sylverstris, Franciscus de, 1474?-1528",83.78378378378379
"Sirmond, Jacques (S. I.), 1559-1651","Sirmond, Jacques, (S.I.), 1559-1651",85.71428571428572
Sisto da Siena (O.P.),"Sisto da Siena, (O.P.)",97.67441860465115
"Smith, Richard","Suiseth, Richardus",81.25
"Snell, Willebrord, 1591-1626","Snellius, Willebrord, 1580-1626",88.13559322033898
"Solórzano Pereira, Juan de, 1575-1655","Solórzano Pereira, Juan de, 1575-1655",96.0
"Soto, Pedro de (O.P)","Soto, Pedro de (O.P.)",97.5609756097561
"Spiegel, Adriaan van de, 1578-1625","Spiegel, Adriaan van den, 1578-1625",98.55072463768117
"Stephan, Fridericus, 1885-","Stephan, Friedrich, 1885-",90.19607843137256
"Stuck, Johann Wilhelm, 1542-1607","Stucki, Johann Wilhelm, d. 1607",85.71428571428572
"Suárez, Cipriano, (S.I.), 1524-1593","Suárez, Cipriano, 1524-1593",87.09677419354838
"Sánchez, Tomás (S.I.), 1550-1610","Sánchez, Tomás 1550-1610",85.71428571428572,"Sánchez, Tomás, 1550-1610",84.21052631578947
"Ta  cito, Cayo Cornelio","Tacito, Cayo Cornelio",97.67441860465115,"Tácito, Cayo Cornelio",93.02325581395348
"Tacquet, André (S.I.), 1612-1660","Tacquet, André, 1612-1660",84.21052631578947
"Thiersch, Friedrich Wilhelm von, 1784-1860","Tigerström, Friedrich Wilhelm von, 1803-1868",83.72093023255813
"Thoemes, Nicolaus","Thoemes, Nicolaus, 1846-",82.92682926829268
"Thomas, Aquinas, Saint, 1225?-1274","Tomás de Aquino, Santo, 1225?-1274",82.35294117647058,"Tomás de Aquino, Santo, 1225-1274",80.59701492537313
"Tirinus, Jacobus (S.I.), 1580-1636","Tirinus, Jacobus, (S.I.), 1580-1636",98.55072463768117
"Titelmans, François (O.F.M.)","Titelmans, François, (O.F.M.)",98.24561403508771
"Torsellini, Orazio, 1545-1599","Torsellino, Orazio, 1545-1599",96.55172413793103,"Torsellino, Orazio (S.I.), 1545-1599",83.07692307692307
"Trithemius, Johannes"
"Turrettini, François, 1623-1687","Turrettini, François, 1623-1687",95.23809523809523
"Turselin, Orazio (S.I.), 1545-1599"
"Valenti, Ferdinando","Valentibus, Ferdinandus de",80.0
"Valiero, Agostino 1531-1606","Valiero, Agostino, 1531-1606",98.18181818181819,"Valiero, Agostino, cardinal, 1531-1606",83.07692307692307
"Valles, Francisco, 1524-1592","Vallés, Francisco, 1524-1592",96.42857142857143
"Vaucher, Louis","Vaucher, Louis, 1820-",80.0
"Vazquez de Menchaca, Fernando de","Vázquez de Menchaca, Fernando de",96.875,"Vázquez de Menchaca, Fernando",91.80327868852459
"Vecchi, Paolo","Zacchia, Paolo",81.4814814814815
"Velazquez, Juan Antonio (S.I.) , 1585-1669","Velazquez, Juan Antonio (S.I.), 1585-1669",98.79518072289156,"Velázquez, Juan Antonio (S.I.), 1585-1669",96.3855421686747
"Velser, Marcus, 1558-1614","Welser, Marcus, 1558-1614",96.0
"Verheyen, Philip, 1648-1710","Verheyen, Philippe, 1648-1710",96.42857142857143
"Vieri, Francesco de'","Vimercati, Francesco",80.0
"Viger, François, 1590-1647","Viger, François, 1590-1647",94.33962264150944,"Viger, François, d. 1647",84.61538461538461
"Vignolius, Joannes"
"Vitrubio Polion, Marco","Vitrubio Polión, Marco",95.45454545454545
"Vivaldi, Giovanni Lodovico","Vivaldi, Giovanni Ludovico",96.15384615384616
"Voet, Joahnnes, 1647-1713","Voet, Johannes, 1647-1713",96.0
"Wagenseil, Johann Christoph, 1633-1705"
"Weissenbach, Joseph","Weissenbach, Joseph Anton",86.36363636363636
"Wermuth, Carl","Wermuth, Karl",92.3076923076923
"William of Newburgh, (O.S.A.), 1136?-1201?","William, of Newburgh, 1136-1201?",83.78378378378379
"William, of Auvergne, Bishop of Paris, -1249","William, of Auvergne, Bishop of Paris, 1180-1249",95.65217391304348
"Woelffel, Heinrich","Wolffel, Henricus",85.71428571428572,"Wölffel, Henricus",80.0
"Wycliffe, John, -1384","Wycliffe, John, d. 1384",90.9090909090909
"Wāqidī, Muḥammad ibn ʻUmar, 747 or 8-823","Wāqidī, Muḥammad ibn ʻUmar, 747 or 748-823",93.97590361445783
"Yañez Parladorio, Juan","Yáñez Parladorio, Juan",95.45454545454545
"Zacutus Lusitanus, 1575-1642","Zacutus, Lusitanus, 1575-1642",98.24561403508771
"Zallinger Zum Thurm, Jakob Anton von (1735-1813)","Zallinger Zum Thurm, Jakob Anton von,  (1735-1813)",98.96907216494846,"Zallinger zum Thurm, Jakob Anton von, 1735-1813",88.42105263157895
"Zoesius, Hendrik, -1627","Zoesius, Henricus, 1571-1627",82.35294117647058
